{"p50_latency": 20.29860019683838, "p95_latency": 60.11639833450317, "p99_latency": 81.54185295104988, "throughput": 40.63065575592908}