{"p50_latency": 20.72453498840332, "p95_latency": 61.684179306030245, "p99_latency": 80.20675897598268, "throughput": 40.636395249620996}