{"p50_latency": 20.473837852478027, "p95_latency": 61.092340946197496, "p99_latency": 84.01826858520516, "throughput": 40.61082492047784}