{"p50_latency": 31.430959701538086, "p95_latency": 64.58595991134642, "p99_latency": 90.3935694694519, "throughput": 15.318720610659144}