{"p50_latency": 31.142234802246094, "p95_latency": 64.28118944168088, "p99_latency": 89.99849796295167, "throughput": 15.315294031598754}