{"p50_latency": 31.257271766662598, "p95_latency": 64.00685310363768, "p99_latency": 87.8653359413148, "throughput": 15.314839967013176}