{"p50_latency": 20.609617233276367, "p95_latency": 39.064705371856675, "p99_latency": 52.11254358291638, "throughput": 15.318047814478652}