{"p50_latency": 9.758591651916504, "p95_latency": 20.95010280609131, "p99_latency": 28.083643913269082, "throughput": 40.63819605987744}