{"p50_latency": 20.569920539855957, "p95_latency": 39.8440957069397, "p99_latency": 53.454577922821045, "throughput": 15.31863508791082}