{"p50_latency": 20.639657974243164, "p95_latency": 39.68381881713864, "p99_latency": 52.708787918090835, "throughput": 15.318786147494592}