{"p50_latency": 9.8799467086792, "p95_latency": 20.918238162994378, "p99_latency": 27.345902919769298, "throughput": 40.631807287124616}