{"p50_latency": 9.83738899230957, "p95_latency": 20.95508575439453, "p99_latency": 28.414814472198522, "throughput": 40.63463862828155}