{"p50_latency": 14.180302619934082, "p95_latency": 32.605719566345215, "p99_latency": 44.88726139068606, "throughput": 40.63823343067927}