{"p50_latency": 14.303922653198242, "p95_latency": 32.854950428009026, "p99_latency": 45.55989742279055, "throughput": 40.61990929857858}