{"p50_latency": 25.232315063476562, "p95_latency": 50.07072687149041, "p99_latency": 66.79136037826545, "throughput": 15.317967930021267}