{"p50_latency": 23.36418628692627, "p95_latency": 46.48542404174802, "p99_latency": 62.14333772659317, "throughput": 15.319109864462781}