{"p50_latency": 13.56649398803711, "p95_latency": 30.680882930755615, "p99_latency": 42.11072206497193, "throughput": 40.63336398346402}