{"p50_latency": 24.53768253326416, "p95_latency": 49.21648502349853, "p99_latency": 64.37462806701667, "throughput": 15.31833729989277}