{"p50_latency": 24.329423904418945, "p95_latency": 48.54079484939574, "p99_latency": 64.70148801803589, "throughput": 15.318510640867945}