{"p50_latency": 23.361921310424805, "p95_latency": 46.24713659286498, "p99_latency": 61.93790435791019, "throughput": 15.316258232286092}