{"p50_latency": 23.174166679382324, "p95_latency": 45.990979671478264, "p99_latency": 62.562546730041554, "throughput": 15.317686779638612}