{"p50_latency": 13.6338472366333, "p95_latency": 31.182384490966797, "p99_latency": 42.37983226776127, "throughput": 40.635713879614485}