{"p50_latency": 14.282464981079102, "p95_latency": 32.28783607482905, "p99_latency": 44.57690238952638, "throughput": 40.630001232868025}