{"p50_latency": 13.52691650390625, "p95_latency": 30.72152137756347, "p99_latency": 41.837544441223294, "throughput": 40.632747948574725}