{"p50_latency": 10.560750961303711, "p95_latency": 47.79359102249145, "p99_latency": 57.47290372848512, "throughput": 40.61896158722148}