{"p50_latency": 10.591626167297363, "p95_latency": 47.52731323242187, "p99_latency": 55.1901125907898, "throughput": 40.6323523487238}