{"p50_latency": 17.77660846710205, "p95_latency": 51.61244869232178, "p99_latency": 65.08005380630517, "throughput": 15.317239950304698}