{"p50_latency": 17.637014389038086, "p95_latency": 51.54320001602169, "p99_latency": 65.65256834030156, "throughput": 15.319243185866217}