{"p50_latency": 17.856121063232422, "p95_latency": 51.85227394104003, "p99_latency": 67.44608163833627, "throughput": 15.315769830356542}