{"p50_latency": 10.339021682739258, "p95_latency": 47.147953510284424, "p99_latency": 55.133745670318646, "throughput": 40.63921731236612}