{"p50_latency": 5.453824996948242, "p95_latency": 9.71262454986572, "p99_latency": 12.864341735839849, "throughput": 40.639226474906124}