{"p50_latency": 5.424141883850098, "p95_latency": 9.615457057952879, "p99_latency": 12.60654211044313, "throughput": 40.63922263255014}