{"p50_latency": 5.806684494018555, "p95_latency": 10.327684879302971, "p99_latency": 13.924794197082528, "throughput": 40.63921261615546}