{"p50_latency": 6.93202018737793, "p95_latency": 10.481631755828849, "p99_latency": 13.271961212158207, "throughput": 15.319243977351018}