{"p50_latency": 6.979465484619141, "p95_latency": 10.665512084960936, "p99_latency": 13.362112045288088, "throughput": 15.319242260437937}