{"p50_latency": 6.998896598815918, "p95_latency": 10.773217678070067, "p99_latency": 13.397474288940433, "throughput": 15.319242680533655}