{"p50_latency": 7.345795631408691, "p95_latency": 8.358144760131836, "p99_latency": 9.228243827819824, "throughput": 29.999899001916813}