{"p50_latency": 13.100981712341309, "p95_latency": 30.279541015624957, "p99_latency": 35.734126567840576, "throughput": 20.809936537958006}