{"p50_latency": 13.05246353149414, "p95_latency": 30.19287586212155, "p99_latency": 35.729262828826904, "throughput": 20.809940962872815}