{"p50_latency": 7.130026817321777, "p95_latency": 13.788008689880371, "p99_latency": 17.555129528045654, "throughput": 20.809935411013708}