{"p50_latency": 7.266759872436523, "p95_latency": 13.719999790191606, "p99_latency": 17.67979145050049, "throughput": 20.809940581700303}