{"p50_latency": 13.026237487792969, "p95_latency": 30.16110658645629, "p99_latency": 35.731728076934814, "throughput": 20.809940896581942}