{"p50_latency": 7.208585739135742, "p95_latency": 13.788926601409909, "p99_latency": 17.634432315826416, "throughput": 20.809941476627092}