{"p50_latency": 7.785916328430176, "p95_latency": 10.468137264251702, "p99_latency": 12.050175666809082, "throughput": 20.8099409463001}