{"p50_latency": 7.71939754486084, "p95_latency": 10.375332832336412, "p99_latency": 12.119925022125244, "throughput": 20.809936421949025}