{"p50_latency": 6.473302841186523, "p95_latency": 8.16476345062255, "p99_latency": 10.019929409027101, "throughput": 20.809940813718352}