{"p50_latency": 7.7027082443237305, "p95_latency": 10.190308094024651, "p99_latency": 12.152976989746094, "throughput": 20.80994132747262}