{"p50_latency": 6.695747375488281, "p95_latency": 8.505713939666748, "p99_latency": 9.943766593933105, "throughput": 20.809939902218908}