{"p50_latency": 6.626009941101074, "p95_latency": 8.560788631439197, "p99_latency": 10.337665081024173, "throughput": 20.809940730854763}