{"p50_latency": 8.175849914550781, "p95_latency": 10.142850875854492, "p99_latency": 13.544847965240479, "throughput": 20.80993579218603}