{"p50_latency": 6.503105163574219, "p95_latency": 8.057928085327143, "p99_latency": 9.790983200073242, "throughput": 20.809941907517793}