{"p50_latency": 6.516456604003906, "p95_latency": 8.00421237945556, "p99_latency": 9.540379047393799, "throughput": 20.80994023367324}