{"p50_latency": 8.882522583007812, "p95_latency": 12.786293029785151, "p99_latency": 14.267585277557375, "throughput": 20.8099346320964}