{"p50_latency": 6.135463714599609, "p95_latency": 7.56925344467163, "p99_latency": 9.618978500366211, "throughput": 20.809936073922103}