{"p50_latency": 8.898258209228516, "p95_latency": 12.971830368041989, "p99_latency": 14.258399009704592, "throughput": 20.809939918791624}