{"p50_latency": 6.0433149337768555, "p95_latency": 7.583975791931151, "p99_latency": 9.890637397766115, "throughput": 20.809936355658184}