{"p50_latency": 8.268237113952637, "p95_latency": 10.232913494110107, "p99_latency": 13.432493209838869, "throughput": 20.809942205826754}