{"p50_latency": 6.078600883483887, "p95_latency": 7.632148265838623, "p99_latency": 9.659614562988281, "throughput": 20.809936786548676}