{"p50_latency": 6.630897521972656, "p95_latency": 8.180797100067135, "p99_latency": 9.738883972167969, "throughput": 20.80993648823987}