{"p50_latency": 8.118867874145508, "p95_latency": 10.235512256622313, "p99_latency": 13.540427684783937, "throughput": 20.80993983592804}