{"p50_latency": 8.902668952941895, "p95_latency": 12.769937515258789, "p99_latency": 14.127826690673828, "throughput": 20.809935112704945}