{"p50_latency": 5.497097969055176, "p95_latency": 7.500958442687987, "p99_latency": 9.60119962692261, "throughput": 20.807979186588327}