{"p50_latency": 5.4492950439453125, "p95_latency": 7.435631752014159, "p99_latency": 9.703943729400635, "throughput": 20.80797461338148}