{"p50_latency": 6.5593719482421875, "p95_latency": 13.495612144470213, "p99_latency": 16.62893772125245, "throughput": 20.80797416600266}