{"p50_latency": 6.538033485412598, "p95_latency": 13.475430011749264, "p99_latency": 15.268778800964364, "throughput": 20.807978556943784}