{"p50_latency": 5.408048629760742, "p95_latency": 7.452666759490962, "p99_latency": 9.477827548980713, "throughput": 20.807969062571523}