{"p50_latency": 6.609559059143066, "p95_latency": 13.505053520202635, "p99_latency": 15.593831539154058, "throughput": 20.807966030339276}