{"p50_latency": 6.281852722167969, "p95_latency": 7.642948627471916, "p99_latency": 8.795592784881592, "throughput": 20.809934052051634}