{"p50_latency": 5.220532417297363, "p95_latency": 6.020212173461912, "p99_latency": 7.005145549774175, "throughput": 20.80993582533145}