{"p50_latency": 6.3163042068481445, "p95_latency": 7.580888271331787, "p99_latency": 8.775742053985596, "throughput": 20.809939206164838}