{"p50_latency": 5.326032638549805, "p95_latency": 6.124770641326902, "p99_latency": 6.9757986068725595, "throughput": 20.809940432545847}