{"p50_latency": 5.240440368652344, "p95_latency": 6.07302188873291, "p99_latency": 6.977145671844482, "throughput": 20.809940299964108}