{"p50_latency": 6.323575973510742, "p95_latency": 7.600724697113033, "p99_latency": 8.907184600830078, "throughput": 20.809939951937057}