{"p50_latency": 6.3353776931762695, "p95_latency": 7.4474453926086275, "p99_latency": 8.9875864982605, "throughput": 20.809940001655207}