{"p50_latency": 6.492257118225098, "p95_latency": 7.8723549842834375, "p99_latency": 9.19668436050415, "throughput": 20.809940183955092}