{"p50_latency": 5.23686408996582, "p95_latency": 5.889010429382323, "p99_latency": 6.839284896850586, "throughput": 20.80994068113661}