{"p50_latency": 5.265712738037109, "p95_latency": 5.92445135116577, "p99_latency": 6.843287944793701, "throughput": 20.809939521046434}