{"p50_latency": 6.513357162475586, "p95_latency": 7.895195484161372, "p99_latency": 9.530274868011475, "throughput": 20.80993643852174}