{"p50_latency": 5.244851112365723, "p95_latency": 5.944204330444333, "p99_latency": 7.032063007354738, "throughput": 20.80993643852174}