{"p50_latency": 5.177974700927734, "p95_latency": 5.849301815032958, "p99_latency": 6.796913146972657, "throughput": 20.80993388632456}