{"p50_latency": 5.143404006958008, "p95_latency": 5.778467655181884, "p99_latency": 6.755046844482423, "throughput": 20.809940531982154}