{"p50_latency": 6.213665008544922, "p95_latency": 7.387125492095914, "p99_latency": 8.720638751983643, "throughput": 20.809930886665047}