{"p50_latency": 5.187034606933594, "p95_latency": 5.831265449523926, "p99_latency": 6.623961925506592, "throughput": 20.809940598273023}