{"p50_latency": 5.114197731018066, "p95_latency": 5.766046047210693, "p99_latency": 6.6022419929504395, "throughput": 20.80993579218603}