{"p50_latency": 6.303191184997559, "p95_latency": 7.230651378631592, "p99_latency": 8.768198490142824, "throughput": 20.80991885489026}