{"p50_latency": 6.259679794311523, "p95_latency": 7.238411903381348, "p99_latency": 8.794353008270264, "throughput": 20.809921075630015}