{"p50_latency": 6.253242492675781, "p95_latency": 7.42598772048949, "p99_latency": 9.109835624694824, "throughput": 20.80994177493604}