{"p50_latency": 5.231022834777832, "p95_latency": 5.8771491050720215, "p99_latency": 6.8215250968933105, "throughput": 20.809939355319276}