{"p50_latency": 5.179643630981445, "p95_latency": 5.844748020172118, "p99_latency": 6.74884557723999, "throughput": 20.809933969188098}