{"p50_latency": 6.22105598449707, "p95_latency": 7.730865478515616, "p99_latency": 8.969547748565674, "throughput": 20.80993885813782}