{"p50_latency": 6.180763244628906, "p95_latency": 7.627725601196269, "p99_latency": 8.825919628143314, "throughput": 20.809939322173847}