{"p50_latency": 5.426526069641113, "p95_latency": 6.2615036964416495, "p99_latency": 7.164011001586914, "throughput": 20.80794452305613}