{"p50_latency": 5.550384521484375, "p95_latency": 6.35075569152832, "p99_latency": 7.4686408042907715, "throughput": 20.80794942764067}