{"p50_latency": 6.369471549987793, "p95_latency": 7.598519325256332, "p99_latency": 8.821768760681154, "throughput": 20.80796704108326}