{"p50_latency": 5.461454391479492, "p95_latency": 6.205129623413085, "p99_latency": 6.739618778228761, "throughput": 20.807962898690505}