{"p50_latency": 6.2950849533081055, "p95_latency": 7.4443340301513645, "p99_latency": 8.770496845245361, "throughput": 20.807967836422858}