{"p50_latency": 6.219625473022461, "p95_latency": 7.4306607246398855, "p99_latency": 8.656272888183594, "throughput": 20.80794664395727}