{"p50_latency": 23.40996265411377, "p95_latency": 34.214985370635986, "p99_latency": 43.729259967803955, "throughput": 19.99999564571641}