{"p50_latency": 5.566239356994629, "p95_latency": 10.120940208435057, "p99_latency": 13.197522163391117, "throughput": 40.62480591019574}