{"p50_latency": 5.442142486572266, "p95_latency": 9.916400909423826, "p99_latency": 13.098282814025884, "throughput": 40.614232090563114}