{"p50_latency": 6.729364395141602, "p95_latency": 10.310125350952145, "p99_latency": 13.17984342575074, "throughput": 15.318680235620809}