{"p50_latency": 5.43212890625, "p95_latency": 9.784460067749023, "p99_latency": 13.19653749465943, "throughput": 40.63309943155197}