{"p50_latency": 6.68489933013916, "p95_latency": 10.122430324554417, "p99_latency": 12.924106121063238, "throughput": 15.318673885947025}