{"p50_latency": 6.926774978637695, "p95_latency": 10.497164726257322, "p99_latency": 13.457942008972177, "throughput": 15.317320764538957}