{"p50_latency": 6.477594375610352, "p95_latency": 10.100865364074707, "p99_latency": 13.309710025787357, "throughput": 15.319242370028123}