{"p50_latency": 5.270242691040039, "p95_latency": 9.44353342056274, "p99_latency": 12.658615112304691, "throughput": 40.63248964233869}