{"p50_latency": 6.477952003479004, "p95_latency": 10.055136680603026, "p99_latency": 13.11855077743532, "throughput": 15.319242601385184}