{"p50_latency": 5.1621198654174805, "p95_latency": 9.283959865570068, "p99_latency": 12.303218841552734, "throughput": 40.63522759944302}