{"p50_latency": 6.429791450500488, "p95_latency": 10.013186931610106, "p99_latency": 12.872056961059572, "throughput": 15.318709147097522}