{"p50_latency": 5.209922790527344, "p95_latency": 9.41865444183349, "p99_latency": 12.572619915008566, "throughput": 40.631832926326396}