{"p50_latency": 5.044221878051758, "p95_latency": 9.081971645355225, "p99_latency": 11.911895275115967, "throughput": 40.637949013678345}