{"p50_latency": 5.220293998718262, "p95_latency": 9.476125240325928, "p99_latency": 12.53174543380738, "throughput": 40.62188839477068}