{"p50_latency": 6.510734558105469, "p95_latency": 9.83695983886718, "p99_latency": 12.321674823760992, "throughput": 15.319244086941227}