{"p50_latency": 5.203962326049805, "p95_latency": 9.378719329833984, "p99_latency": 12.536151409149172, "throughput": 40.62256293534336}