{"p50_latency": 6.282448768615723, "p95_latency": 9.464633464813224, "p99_latency": 12.038865089416504, "throughput": 15.318234364945555}