{"p50_latency": 6.549835205078125, "p95_latency": 9.972882270812987, "p99_latency": 12.464997768402101, "throughput": 15.316837011827742}