{"p50_latency": 4.975318908691406, "p95_latency": 8.887195587158201, "p99_latency": 11.94945335388184, "throughput": 40.63499566004953}