{"p50_latency": 5.228757858276367, "p95_latency": 9.496772289276121, "p99_latency": 12.658023834228525, "throughput": 40.626544647819856}