{"p50_latency": 6.285667419433594, "p95_latency": 9.47434902191162, "p99_latency": 12.130048274993896, "throughput": 15.319098838671085}