{"p50_latency": 4.970788955688477, "p95_latency": 8.959794044494629, "p99_latency": 11.75194025039673, "throughput": 40.63440879691486}