{"p50_latency": 6.291508674621582, "p95_latency": 9.474158287048335, "p99_latency": 11.991074085235597, "throughput": 15.318069236048773}