{"p50_latency": 6.528615951538086, "p95_latency": 9.944665431976315, "p99_latency": 12.622382640838651, "throughput": 15.319244537478774}