{"p50_latency": 6.676316261291504, "p95_latency": 10.075056552886961, "p99_latency": 12.924642562866225, "throughput": 15.3190055371211}