{"p50_latency": 5.264997482299805, "p95_latency": 9.346342086791983, "p99_latency": 12.522947788238532, "throughput": 40.6270816255442}