{"p50_latency": 5.269765853881836, "p95_latency": 9.331381320953367, "p99_latency": 12.34346628189088, "throughput": 40.61494436089464}