{"p50_latency": 6.639003753662109, "p95_latency": 9.85537767410278, "p99_latency": 12.574720382690446, "throughput": 15.319242516148371}