{"p50_latency": 6.651401519775391, "p95_latency": 9.926986694335934, "p99_latency": 12.559638023376486, "throughput": 15.315831860963291}