{"p50_latency": 5.369901657104492, "p95_latency": 9.589457511901855, "p99_latency": 12.839579582214371, "throughput": 40.61616592249362}