{"p50_latency": 5.26738166809082, "p95_latency": 6.2313079833984375, "p99_latency": 7.025690078735352, "throughput": 20.809941990381393}