{"p50_latency": 5.258798599243164, "p95_latency": 6.179225444793701, "p99_latency": 7.08282470703125, "throughput": 20.809941857799636}