{"p50_latency": 5.183219909667969, "p95_latency": 6.063270568847655, "p99_latency": 6.775009632110597, "throughput": 20.809939719919026}