{"p50_latency": 6.773710250854492, "p95_latency": 8.350491523742667, "p99_latency": 9.614667892456055, "throughput": 20.809941410336215}