{"p50_latency": 6.744384765625, "p95_latency": 8.285808563232422, "p99_latency": 9.441556930541992, "throughput": 20.809940598273023}