{"p50_latency": 6.757140159606934, "p95_latency": 8.29627513885498, "p99_latency": 9.517908096313477, "throughput": 20.809941642354282}